{
  "accuracy": 0.89775,
  "per_class_metrics": [
    {
      "Class": "aggressive",
      "Precision": 0.9442006269592477,
      "Recall": 0.916058394160584,
      "F1-Score": 0.9299166409385613,
      "Support": 1644
    },
    {
      "Class": "positional",
      "Precision": 0.8922800718132855,
      "Recall": 0.9203703703703704,
      "F1-Score": 0.9061075660893345,
      "Support": 1080
    },
    {
      "Class": "defensive",
      "Precision": 0.8775292864749734,
      "Recall": 0.8231768231768232,
      "F1-Score": 0.8494845360824742,
      "Support": 1001
    },
    {
      "Class": "balanced",
      "Precision": 0.7585227272727273,
      "Recall": 0.9709090909090909,
      "F1-Score": 0.8516746411483254,
      "Support": 275
    }
  ],
  "confusion_matrix": [
    [
      1506,
      60,
      70,
      8
    ],
    [
      12,
      994,
      42,
      32
    ],
    [
      74,
      58,
      824,
      45
    ],
    [
      3,
      2,
      3,
      267
    ]
  ]
}